sim_time_sec,commanded_effort_Nm,joint_position_rad,joint_velocity_rad_per_sec
1748403542.5454972,0.0,-1.57079632685688,-9.44102129858126e-12
1748403542.5654848,0.0,-1.570796326857071,-9.441032651206989e-12
1748403542.5851893,0.0,-1.570796326857262,-9.441028418505648e-12
1748403542.6052966,0.0,-1.570796326857453,-9.441040017268405e-12
1748403542.625306,0.0,-1.570796326857644,-9.44102564869061e-12
1748403542.6451252,0.0,-1.5707963268578349,-9.44102798978919e-12
1748403542.6653514,0.0,-1.5707963268580258,-9.441028763491821e-12
1748403542.685536,0.0,-1.5707963268580258,-9.441028763491821e-12
1748403542.7052104,0.0,-1.5707963268582168,-9.441026927171305e-12
1748403542.7255087,0.0,-1.5707963268584078,-9.44102284215218e-12
1748403542.7457466,0.0,-1.5707963268585987,-9.44102400967405e-12
1748403542.76544,0.0,-1.5707963268587897,-9.441024709535582e-12
1748403542.7854488,0.0,-1.5707963268589806,-9.441027075247858e-12
1748403542.8054492,0.0,-1.5707963268591716,-9.441033323014807e-12
1748403542.8253977,0.0,-1.5707963268593625,-9.441025232872497e-12
1748403542.845133,0.0,-1.5707963268595535,-9.441032309624327e-12
1748403542.8657122,0.0,-1.5707963268597445,-9.441021191025932e-12
1748403542.885465,0.0,-1.5707963268599354,-9.441025165480566e-12
1748403542.9056137,0.0,-1.5707963268601264,-9.441038594508993e-12
1748403542.9256763,0.0,-1.5707963268603173,-9.441024299772303e-12
1748403542.9459267,0.0,-1.5707963268605083,-9.441029546258455e-12
1748403542.9653876,0.0,-1.5707963268606993,-9.44102653636123e-12
1748403542.9856195,0.0,-1.5707963268608902,-9.441026579533794e-12
1748403543.0054433,0.0,-1.5707963268610812,-9.441028649881646e-12
1748403543.0254607,0.0,-1.5707963268612721,-9.441028766895315e-12
1748403543.0455027,0.0,-1.570796326861463,-9.44102883468158e-12
1748403543.0652382,0.0,-1.570796326861654,-9.441023625313148e-12
1748403543.0855362,0.0,-1.570796326861845,-9.441028748730788e-12
1748403543.1052556,0.0,-1.570796326862036,-9.441039100075723e-12
1748403543.1253886,0.0,-1.570796326862227,-9.44101657356935e-12
1748403543.1453629,0.0,-1.5707963268624179,-9.441026851073184e-12
1748403543.1654072,0.0,-1.5707963268626088,-9.441024571706032e-12
1748403543.1852078,0.0,-1.5707963268627998,-9.441031065610009e-12
1748403543.205582,0.0,-1.5707963268629908,-9.441023952134796e-12
1748403543.225704,0.0,-1.5707963268631817,-9.441039334497411e-12
1748403543.2450757,0.0,-1.5707963268633727,-9.441031244355106e-12
1748403543.2654784,0.0,-1.5707963268635636,-9.441033388544063e-12
1748403543.2852123,0.0,-1.5707963268637546,-9.44102437096207e-12
1748403543.3052974,0.0,-1.5707963268639455,-9.441037504626072e-12
1748403543.3256636,0.0,-1.5707963268639455,-9.441037504626072e-12
1748403543.3458934,0.0,-1.5707963268641365,-9.441024334238683e-12
1748403543.3651953,0.0,-1.5707963268643275,-9.44103463635622e-12
1748403543.3857937,0.0,-1.5707963268645184,-9.44103182336861e-12
1748403543.4055207,0.0,-1.5707963268647094,-9.441032744753455e-12
1748403543.425274,0.0,-1.5707963268649003,-9.441029004326156e-12
1748403543.4458883,0.0,-1.5707963268650913,-9.441022916745437e-12
1748403543.4654386,0.0,-1.5707963268652823,-9.441026185283699e-12
1748403543.4854548,0.0,-1.5707963268654732,-9.441021878741252e-12
1748403543.5052114,0.0,-1.5707963268656642,-9.441025122665819e-12
1748403543.525543,0.0,-1.5707963268658551,-9.441031271977957e-12
1748403543.5452764,0.0,-1.570796326866046,-9.441034565129928e-12
1748403543.5655384,0.0,-1.570796326866237,-9.441034485233982e-12
1748403543.5852027,0.0,-1.570796326866428,-9.44103580043806e-12
1748403543.6052086,0.0,-1.570796326866619,-9.441027636454648e-12
1748403543.6253054,0.0,-1.57079632686681,-9.441033933448999e-12
1748403543.6455073,0.0,-1.5707963268670009,-9.441013360276813e-12
1748403543.6654503,0.0,-1.5707963268671918,-9.441032214142153e-12
1748403543.6852117,0.0,-1.5707963268673828,-9.441025978879225e-12
1748403543.705397,0.0,-1.5707963268675738,-9.441030445607909e-12
1748403543.7254984,0.0,-1.5707963268677647,-9.441028092399642e-12
1748403543.745333,0.0,-1.5707963268679557,-9.441044845248585e-12
1748403543.7653246,0.0,-1.5707963268681466,-9.441035507688457e-12
1748403543.7851322,0.0,-1.5707963268683376,-9.441038948522643e-12
1748403543.80536,0.0,-1.5707963268685285,-9.441021428420246e-12
1748403543.8254466,0.0,-1.5707963268687195,-9.441021668502426e-12
1748403543.8452172,0.0,-1.5707963268689105,-9.441024617062565e-12
1748403543.8653936,0.0,-1.5707963268691014,-9.441030158913143e-12
1748403543.885202,0.0,-1.5707963268692924,-9.441028880826787e-12
1748403543.905351,0.0,-1.5707963268694833,-9.44102721680219e-12
1748403543.9252446,0.0,-1.5707963268696743,-9.441038421745706e-12
1748403543.9458277,0.0,-1.5707963268698653,-9.441037488251172e-12
1748403543.9655502,0.0,-1.5707963268698653,-9.441037488251172e-12
1748403543.9853892,0.0,-1.5707963268700562,-9.441031228374538e-12
1748403544.0052545,0.0,-1.5707963268702472,-9.441044780471481e-12
1748403544.02522,0.0,-1.5707963268704381,-9.441035615207275e-12
1748403544.045825,0.0,-1.570796326870629,-9.44103390195527e-12
1748403544.065631,0.0,-1.57079632687082,-9.441028618745731e-12
1748403544.0855215,0.0,-1.570796326871011,-9.441028858827913e-12
1748403544.105758,0.0,-1.570796326871202,-9.441033030192164e-12
1748403544.1253805,0.0,-1.570796326871393,-9.441028288484075e-12
1748403544.1452084,0.0,-1.5707963268715839,-9.44103113858941e-12
1748403544.1656578,0.0,-1.5707963268717748,-9.441040833245382e-12
1748403544.185424,0.0,-1.5707963268719658,-9.44102966541959e-12
1748403544.205451,0.0,-1.5707963268721568,-9.44102682781828e-12
1748403544.2253842,0.0,-1.5707963268723477,-9.441037129935811e-12
1748403544.2459886,0.0,-1.5707963268725387,-9.441030311825025e-12
1748403544.2652624,0.0,-1.5707963268727296,-9.441034483189279e-12
1748403544.2854178,0.0,-1.5707963268729206,-9.441041075548065e-12
1748403544.305468,0.0,-1.5707963268731115,-9.441018450586893e-12
1748403544.325459,0.0,-1.5707963268733025,-9.44103620471663e-12
1748403544.3452518,0.0,-1.5707963268734935,-9.44103136455373e-12
1748403544.365384,0.0,-1.5707963268736844,-9.44102945439211e-12
1748403544.3853512,0.0,-1.5707963268738754,-9.441027519616786e-12
1748403544.4052181,0.0,-1.5707963268740663,-9.441036869680923e-12
1748403544.4253097,0.0,-1.5707963268742573,-9.441033835169993e-12
1748403544.445241,0.0,-1.5707963268744483,-9.44103089911387e-12
1748403544.4657333,0.0,-1.5707963268746392,-9.441027963057751e-12
1748403544.485316,0.0,-1.5707963268748302,-9.441036410295911e-12
1748403544.505366,0.0,-1.5707963268750211,-9.441037577817777e-12
1748403544.5272934,0.0,-1.570796326875212,-9.4410308089344e-12
1748403544.5452564,200.0,-1.570796326875403,-9.441041940036814e-12
1748403544.5652356,200.0,-1.570796326875594,-9.441031116802847e-12
1748403544.5854745,200.0,-1.5694362965540827,0.12948964092950252
1748403544.6053493,200.0,-1.5654904670872578,0.258531280016896
1748403544.626063,200.0,-1.5654904670872578,0.258531280016896
1748403544.6454165,200.0,-1.558972262217784,0.38670095096401536
1748403544.6658397,200.0,-1.5499034918821053,0.5135843031363481
1748403544.6852765,200.0,-1.5383141107266807,0.6387812713813419
1748403544.7055125,200.0,-1.5242418841646137,0.7619106525194687
1748403544.7255669,200.0,-1.5077319641699813,0.8826145554674766
1748403544.74555,200.0,-1.4888363777199713,1.0005626881028393
1748403544.765664,200.0,-1.4676134315642013,1.115456441028005
1748403544.7852821,200.0,-1.444127037820465,1.2270327263303547
1748403544.8055315,200.0,-1.4184459657462836,1.3350675284617972
1748403544.825554,200.0,-1.390643025892726,1.4393791247878174
1748403544.845213,200.0,-1.3607941936708,1.5398309359169167
1748403544.86554,200.0,-1.3289776801171929,1.6363339703618585
1748403544.8856604,200.0,-1.295272958284414,1.7288488350676736
1748403544.9054894,200.0,-1.259759754160919,1.8173872922127903
1748403544.9253047,200.0,-1.222517011304975,1.902013353692401
1748403544.9455051,200.0,-1.18362183841867,1.9828439173078716
1748403544.9652283,200.0,-1.1431484488670558,2.0600489622065887
1748403544.9854763,200.0,-1.1011671006484047,2.133851335210373
1748403545.0054064,200.0,-1.0577430445399034,2.20452617381171
1748403545.0254228,200.0,-1.012935487092019,2.272400024391281
1748403545.0453413,200.0,-0.9667965738424993,2.337849726279866
1748403545.0651577,200.0,-0.9193703966070567,2.4013011417802823
1748403545.0856116,200.0,-0.8706920270178328,2.4632278197389654
1748403545.1053913,200.0,-0.82078657667649,2.524149684721018
1748403545.1253333,200.0,-0.7696682824234483,2.5846318458746493
1748403545.1452093,200.0,-0.7173396133555345,2.645283617731671
1748403545.1650975,200.0,-0.6637903944146587,2.7067578414037565
1748403545.185565,200.0,-0.6089969396811694,2.769750586518019
1748403545.205331,200.0,-0.5529211869982171,2.8350013041427733
1748403545.225163,200.0,-0.4955098242957036,2.9032934866144124
1748403545.2453163,200.0,-0.43669339704376825,2.9754558721462545
1748403545.2658381,200.0,-0.43669339704376825,2.9754558721462545
1748403545.2853906,200.0,-0.37676200948152616,3.000000000011138
1748403545.305259,200.0,-0.3167620094812898,3.0000000000124585
1748403545.3252451,200.0,-0.25676200948102557,3.00000000001391
1748403545.3461444,200.0,-0.19676200948073116,3.0000000000154694
1748403545.365816,200.0,-0.13676200948040476,3.0000000000171028
1748403545.3855524,200.0,-0.07676200948004527,3.000000000018771
1748403545.405677,200.0,-0.016762009479652406,3.0000000000204285
1748403545.425696,200.0,0.04323799052077311,3.0000000000220295
1748403545.4454365,200.0,0.10323799052122964,3.000000000023529
1748403545.4653804,200.0,0.16323799052171478,3.000000000024891
1748403545.4851897,200.0,0.2232379905222255,3.000000000026088
1748403545.5053737,200.0,0.2832379905227582,3.0000000000271028
1748403545.5251234,200.0,0.3432379905233093,3.000000000027929
1748403545.5456097,200.0,0.403237990523875,3.000000000028571
1748403545.5657623,200.0,0.4632379905244516,3.000000000029039
1748403545.5855834,200.0,0.5232379905250358,3.0000000000293503
1748403545.605315,200.0,0.583237990525625,3.000000000029524
1748403545.6251993,200.0,0.6432379905262157,3.000000000029581
1748403545.6455815,200.0,0.7032379905268064,3.0000000000295413
1748403545.665616,200.0,0.763237990527396,3.0000000000294245
1748403545.685324,200.0,0.823237990527983,3.0000000000292477
1748403545.7056332,200.0,0.8832379905285657,3.0000000000290266
1748403545.7252336,200.0,0.9432379905291436,3.0000000000287748
1748403545.745327,200.0,1.0032379905297162,3.0000000000285025
1748403545.7652647,200.0,1.0632379905302836,3.0000000000282196
1748403545.785605,200.0,1.1232379905308447,3.0000000000279345
1748403545.8054686,200.0,1.1832379905314003,3.000000000027653
1748403545.82539,200.0,1.2432379905319506,3.0000000000273803
1748403545.8452537,200.0,1.3032379905324958,3.0000000000271214
1748403545.8653204,200.0,1.3632379905330358,3.00000000002688
1748403545.8861558,200.0,1.423237990533571,3.0000000000266582
1748403545.9053483,200.0,1.423237990533571,3.0000000000266582
1748403545.9255188,200.0,1.4832379905341018,3.0000000000264597
1748403545.9453657,200.0,1.5432379905346287,3.0000000000262856
1748403545.965321,200.0,1.5707963267982317,2.9969481757374794e-11
1748403545.9852827,200.0,1.5707963267988312,3.007379414943223e-11
1748403546.0057063,200.0,1.5707963267994347,3.015238059234093e-11
1748403546.0252638,200.0,1.5707963268000387,3.020608416171022e-11
1748403546.0451713,200.0,1.5707963268006426,3.0235498132968885e-11
1748403546.065362,200.0,1.5707963268012466,3.023897104936779e-11
1748403546.0854645,200.0,1.5707963268018506,3.0220506652689494e-11
1748403546.105581,200.0,1.5707963268024545,3.0177957355270735e-11
1748403546.125376,200.0,1.5707963268030585,3.0110844373432144e-11
1748403546.145399,200.0,1.570796326803659,3.001847728723028e-11
1748403546.1657934,200.0,1.5699496218473317,-0.2851534651809241
1748403546.1857827,200.0,1.5691415191484452,0.178444870481925
1748403546.2056744,200.0,1.5707963267956375,3.0183088667312674e-11
1748403546.2256255,200.0,1.5707963267952276,2.6232360034184055e-11
1748403546.2454104,200.0,1.5707963267957517,2.623242248422919e-11
1748403546.2651503,200.0,1.5707963267962757,2.623251268984994e-11
1748403546.2852006,200.0,1.5707963267967997,2.6232571670448124e-11
1748403546.3050776,200.0,1.5707963267973237,2.6232606364917643e-11
1748403546.3254378,200.0,1.5707963267978478,2.623265146772802e-11
1748403546.3453193,200.0,1.5707963267983718,2.623268963164449e-11
1748403546.3654165,200.0,1.5707963267988958,2.6232717387220106e-11
1748403546.3853946,200.0,1.5707963267994198,2.6232734734454866e-11
1748403546.4052792,200.0,1.5707963267999439,2.6232752081689625e-11
1748403546.4253368,200.0,1.5707963268004679,2.6232755551136577e-11
1748403546.4454908,200.0,1.570796326800992,2.6232783306712193e-11
1748403546.4651608,200.0,1.570796326801516,2.623277983726524e-11
1748403546.48563,200.0,1.57079632680204,2.6232790245606097e-11
1748403546.5051894,200.0,1.570796326802564,2.623281453173476e-11
1748403546.5255535,200.0,1.570796326803088,2.623281106228781e-11
1748403546.5456765,200.0,1.570796326803612,2.6232807592840857e-11
1748403546.5655503,200.0,1.570796326803612,2.6232807592840857e-11
1748403546.5852585,200.0,1.570796326804136,2.6232828409522568e-11
1748403546.6055565,200.0,1.57079632680466,2.6232821470628664e-11
1748403546.6255538,200.0,1.570796326805184,2.623281106228781e-11
1748403546.645258,200.0,1.5707963268057081,2.6232821470628664e-11
1748403546.6657994,200.0,1.5707963268062322,2.6232838817863424e-11
1748403546.6855066,200.0,1.5707963268067562,2.6232821470628664e-11
1748403546.7052433,200.0,1.5707963268072802,2.623283187896952e-11
1748403546.7251358,200.0,1.5707963268078042,2.6232828409522568e-11
1748403546.7454517,200.0,1.5707963268083283,2.6232838817863424e-11
1748403546.7655635,200.0,1.5707963268088523,2.6232828409522568e-11
1748403546.785138,200.0,1.5707963268093763,2.6232838817863424e-11
1748403546.8053355,200.0,1.5707963268099003,2.623283187896952e-11
1748403546.8254135,200.0,1.5707963268104244,2.6232824940075616e-11
1748403546.8452857,200.0,1.5707963268109484,2.6232835348416472e-11
1748403546.8656225,200.0,1.5707963268114724,2.6232838817863424e-11
1748403546.8853533,200.0,1.5707963268119964,2.6232828409522568e-11
1748403546.905381,200.0,1.5707963268125205,2.6232835348416472e-11
1748403546.9255292,200.0,1.5707963268130445,2.623284922620428e-11
1748403546.9454553,200.0,1.5707963268135685,2.6232835348416472e-11
1748403546.9652567,200.0,1.5707963268140925,2.6232842287310376e-11
1748403546.9853542,200.0,1.5707963268146166,2.6232818001181712e-11
1748403547.0054326,200.0,1.5707963268151406,2.623283187896952e-11
1748403547.0253391,200.0,1.5707963268156646,2.623283187896952e-11
1748403547.045055,200.0,1.5707963268161886,2.6232828409522568e-11
1748403547.0655384,200.0,1.5707963268167127,2.623283187896952e-11
1748403547.0854595,200.0,1.5707963268172367,2.6232835348416472e-11
1748403547.1051977,200.0,1.5707963268177607,2.623283187896952e-11
1748403547.1254008,200.0,1.5707963268182847,2.6232835348416472e-11
1748403547.1454659,200.0,1.5707963268188088,2.6232845756757328e-11
1748403547.1654391,200.0,1.5707963268193328,2.6232856165098184e-11
1748403547.1852992,200.0,1.5707963268198568,2.6232842287310376e-11
1748403547.2055578,200.0,1.5707963268203808,2.6232828409522568e-11
1748403547.2258115,200.0,1.5707963268209049,2.6232828409522568e-11
1748403547.2453744,200.0,1.5707963268209049,2.6232828409522568e-11
1748403547.2653673,200.0,1.570796326821429,2.6232828409522568e-11
1748403547.2854936,200.0,1.570796326821953,2.6232821470628664e-11
1748403547.3055766,200.0,1.570796326822477,2.6232824940075616e-11
1748403547.325393,200.0,1.570796326823001,2.6232842287310376e-11
1748403547.3453743,200.0,1.570796326823525,2.6232842287310376e-11
1748403547.3654754,200.0,1.570796326824049,2.6232838817863424e-11
1748403547.385513,200.0,1.570796326824573,2.6232821470628664e-11
1748403547.4057503,200.0,1.570796326825097,2.6232838817863424e-11
1748403547.425315,200.0,1.570796326825621,2.6232818001181712e-11
1748403547.4452732,200.0,1.5707963268261451,2.623283187896952e-11
1748403547.4658816,200.0,1.5707963268266691,2.6232824940075616e-11
1748403547.485795,200.0,1.5707963268271932,2.6232842287310376e-11
1748403547.5053823,200.0,1.5707963268277172,2.6232835348416472e-11
1748403547.5254211,200.0,1.5707963268282412,2.6232842287310376e-11
1748403547.5454984,200.0,1.5707963268287652,2.6232824940075616e-11
1748403547.5653074,200.0,1.5707963268292893,2.6232828409522568e-11
1748403547.5851674,200.0,1.5707963268298133,2.6232828409522568e-11
1748403547.6056335,200.0,1.5707963268303373,2.6232842287310376e-11
1748403547.625397,200.0,1.5707963268308613,2.6232824940075616e-11
1748403547.6451697,200.0,1.5707963268313854,2.6232835348416472e-11
1748403547.6654005,200.0,1.5707963268319094,2.6232828409522568e-11
1748403547.68524,200.0,1.5707963268324334,2.623283187896952e-11
1748403547.7052429,200.0,1.5707963268329574,2.6232838817863424e-11
1748403547.7253168,200.0,1.5707963268334815,2.6232828409522568e-11
1748403547.7452557,200.0,1.5707963268340055,2.623283187896952e-11
1748403547.7655716,200.0,1.5707963268345295,2.6232838817863424e-11
1748403547.7854023,200.0,1.5707963268350535,2.6232821470628664e-11
1748403547.8053384,200.0,1.5707963268355776,2.6232835348416472e-11
1748403547.8253322,200.0,1.5707963268361016,2.6232838817863424e-11
1748403547.845406,200.0,1.5707963268366256,2.6232835348416472e-11
1748403547.8655856,200.0,1.5707963268371496,2.6232828409522568e-11
1748403547.8853648,200.0,1.5707963268371496,2.6232828409522568e-11
1748403547.905713,200.0,1.5707963268376737,2.6232842287310376e-11
1748403547.9253569,200.0,1.5707963268381977,2.623283187896952e-11
1748403547.9454021,200.0,1.5707963268387217,2.6232835348416472e-11
1748403547.9655285,200.0,1.5707963268392457,2.6232828409522568e-11
1748403547.98553,200.0,1.5707963268397698,2.6232835348416472e-11
1748403548.0054483,200.0,1.5707963268402938,2.623283187896952e-11
1748403548.0254166,200.0,1.5707963268408178,2.6232828409522568e-11
1748403548.0452287,200.0,1.5707963268413419,2.6232828409522568e-11
1748403548.0657296,200.0,1.5707963268418659,2.6232828409522568e-11
1748403548.0854077,200.0,1.57079632684239,2.6232838817863424e-11
1748403548.105361,200.0,1.570796326842914,2.6232818001181712e-11
1748403548.1252046,200.0,1.570796326843438,2.623283187896952e-11
1748403548.1454647,200.0,1.570796326843962,2.6232835348416472e-11
1748403548.165285,200.0,1.570796326844486,2.623283187896952e-11
1748403548.185417,200.0,1.57079632684501,2.6232824940075616e-11
1748403548.2052844,200.0,1.570796326845534,2.6232824940075616e-11
1748403548.2254393,200.0,1.570796326846058,2.623283187896952e-11
1748403548.2455292,200.0,1.570796326846582,2.623283187896952e-11
1748403548.265634,200.0,1.5707963268471061,2.6232835348416472e-11
1748403548.2855468,200.0,1.5707963268476302,2.6232828409522568e-11
1748403548.3053033,200.0,1.5707963268481542,2.6232821470628664e-11
1748403548.3253317,200.0,1.5707963268486782,2.6232835348416472e-11
1748403548.345432,200.0,1.5707963268492022,2.6232824940075616e-11
1748403548.3655045,200.0,1.5707963268497263,2.6232828409522568e-11
1748403548.385386,200.0,1.5707963268502503,2.6232824940075616e-11
1748403548.4053938,200.0,1.5707963268507743,2.6232828409522568e-11
1748403548.4253588,200.0,1.5707963268512983,2.6232842287310376e-11
1748403548.4452267,200.0,1.5707963268518224,2.6232835348416472e-11
1748403548.4653547,200.0,1.5707963268523464,2.623283187896952e-11
1748403548.4861734,200.0,1.5707963268528704,2.6232828409522568e-11
1748403548.5053961,200.0,1.5707963268528704,2.6232828409522568e-11
1748403548.5260954,200.0,1.5707963268533944,2.6232824940075616e-11
1748403548.545384,200.0,1.5707963268539185,2.623283187896952e-11
1748403548.5658238,200.0,1.5707963268544425,2.6232824940075616e-11
1748403548.5852866,200.0,1.5707963268549665,2.6232818001181712e-11
1748403548.6055014,200.0,1.5707963268554905,2.6232828409522568e-11
1748403548.6256704,200.0,1.5707963268560146,2.6232828409522568e-11
1748403548.6453006,200.0,1.5707963268565386,2.6232821470628664e-11
1748403548.6658716,200.0,1.5707963268570626,2.6232842287310376e-11
1748403548.6855567,200.0,1.5707963268575866,2.6232838817863424e-11
1748403548.7056344,200.0,1.5707963268581107,2.6232828409522568e-11
1748403548.7256758,200.0,1.5707963268586347,2.6232818001181712e-11
1748403548.7457929,200.0,1.5707963268591587,2.6232838817863424e-11
1748403548.7656205,200.0,1.5707963268596827,2.623284922620428e-11
1748403548.785326,200.0,1.5707963268602068,2.6232824940075616e-11
1748403548.8052523,200.0,1.5707963268607308,2.623283187896952e-11
1748403548.8253098,200.0,1.5707963268612548,2.623283187896952e-11
1748403548.8453734,200.0,1.5707963268617788,2.6232838817863424e-11
1748403548.865388,200.0,1.5707963268623029,2.6232821470628664e-11
1748403548.8853092,200.0,1.5707963268628269,2.6232828409522568e-11
1748403548.905633,200.0,1.570796326863351,2.6232835348416472e-11
1748403548.925333,200.0,1.570796326863875,2.6232838817863424e-11
1748403548.945618,200.0,1.570796326864399,2.623283187896952e-11
1748403548.965416,200.0,1.570796326864923,2.623283187896952e-11
1748403548.9854326,200.0,1.570796326865447,2.6232835348416472e-11
1748403549.0054471,200.0,1.570796326865971,2.623283187896952e-11
1748403549.0253873,200.0,1.570796326866495,2.6232838817863424e-11
1748403549.0454402,200.0,1.570796326867019,2.6232828409522568e-11
1748403549.065322,200.0,1.5707963268675431,2.623284922620428e-11
1748403549.0854573,200.0,1.5707963268680671,2.6232824940075616e-11
1748403549.1057487,200.0,1.5707963268685912,2.6232838817863424e-11
1748403549.125052,200.0,1.5707963268691152,2.6232842287310376e-11
1748403549.1461453,200.0,1.5707963268696392,2.6232824940075616e-11
1748403549.1655154,200.0,1.5707963268696392,2.6232824940075616e-11
1748403549.1855035,200.0,1.5707963268701632,2.623283187896952e-11
1748403549.205516,200.0,1.5707963268706873,2.6232838817863424e-11
1748403549.2253768,200.0,1.5707963268712113,2.6232842287310376e-11
1748403549.245287,200.0,1.5707963268717353,2.6232835348416472e-11
1748403549.2655168,200.0,1.5707963268722593,2.6232821470628664e-11
1748403549.2856824,200.0,1.5707963268727834,2.6232842287310376e-11
1748403549.3056724,200.0,1.5707963268733074,2.6232828409522568e-11
1748403549.3252852,200.0,1.5707963268738314,2.6232838817863424e-11
1748403549.3452308,200.0,1.5707963268743554,2.6232835348416472e-11
1748403549.3655753,200.0,1.5707963268748795,2.6232835348416472e-11
1748403549.3855782,200.0,1.5707963268754035,2.6232845756757328e-11
1748403549.405525,200.0,1.5707963268759275,2.6232845756757328e-11
1748403549.4255266,200.0,1.5707963268764515,2.6232835348416472e-11
1748403549.4453595,200.0,1.5707963268769756,2.6232838817863424e-11
1748403549.465473,200.0,1.5707963268774996,2.6232824940075616e-11
1748403549.4858422,200.0,1.5707963268780236,2.6232835348416472e-11
1748403549.5054705,200.0,1.5707963268785476,2.6232838817863424e-11
1748403549.5276194,200.0,1.5707963268790717,2.6232828409522568e-11
1748403549.5453832,0.0,1.5707963268795957,2.6232838817863424e-11
1748403549.5654476,0.0,1.5707963268801197,2.6232835348416472e-11
1748403549.5852044,0.0,1.5707963268803062,9.425594607084698e-12
1748403549.6054683,0.0,1.5707963268804928,9.425593790719122e-12
1748403549.6252935,0.0,1.5707963268806793,9.425595050756245e-12
1748403549.6450288,0.0,1.5707963268808658,9.425597139778238e-12
1748403549.6651773,0.0,1.5707963268810523,9.425599450323563e-12
1748403549.6853373,0.0,1.5707963268812388,9.42560693956877e-12
1748403549.7053804,0.0,1.5707963268814253,9.425600041677312e-12
1748403549.7253351,0.0,1.5707963268816119,9.425592700739225e-12
1748403549.7451599,0.0,1.5707963268817984,9.425592639517423e-12
1748403549.7653968,0.0,1.570796326881985,9.425600325672251e-12
1748403549.7852144,0.0,1.5707963268821714,9.425598606480694e-12
1748403549.8061702,0.0,1.570796326882358,9.425596813448029e-12
1748403549.8256423,0.0,1.570796326882358,9.425596813448029e-12
1748403549.8455355,0.0,1.5707963268825444,9.425597876575531e-12
1748403549.8654883,0.0,1.570796326882731,9.425594614601728e-12
1748403549.885259,0.0,1.5707963268829175,9.425597072829265e-12
1748403549.9055684,0.0,1.570796326883104,9.425607492075751e-12
1748403549.9252958,0.0,1.5707963268832905,9.425590138329716e-12
1748403549.9453351,0.0,1.570796326883477,9.425606811398e-12
1748403549.9657147,0.0,1.5707963268836636,9.425593610457349e-12
1748403549.9853947,0.0,1.57079632688385,9.425596749987551e-12
1748403550.0060306,0.0,1.5707963268840366,9.425586725185209e-12
1748403550.0254226,0.0,1.570796326884223,9.425609020000017e-12
1748403550.0453,0.0,1.5707963268844096,9.425593742656678e-12
1748403550.0651236,0.0,1.5707963268845961,9.425589602470587e-12
1748403550.0855067,0.0,1.5707963268847827,9.425600021717076e-12
1748403550.1054082,0.0,1.5707963268849692,9.425598351752917e-12
1748403550.1253939,0.0,1.5707963268851557,9.425603255588681e-12
1748403550.1453679,0.0,1.5707963268853422,9.42559310771782e-12
1748403550.1651773,0.0,1.5707963268855287,9.425589016759138e-12
1748403550.1854925,0.0,1.5707963268857152,9.425602316779497e-12
1748403550.2055378,0.0,1.5707963268859018,9.425592242749741e-12
1748403550.225854,0.0,1.5707963268860883,9.425589842255515e-12
1748403550.2455697,0.0,1.5707963268862748,9.42558875513922e-12
1748403550.2653942,0.0,1.5707963268864613,9.42558605928057e-12
1748403550.2853827,0.0,1.5707963268866478,9.425584996777974e-12
1748403550.3054276,0.0,1.5707963268868343,9.425606068788663e-12
1748403550.3253121,0.0,1.5707963268870209,9.42559033166598e-12
1748403550.3453932,0.0,1.5707963268872074,9.425584262759403e-12
1748403550.3653178,0.0,1.570796326887394,9.425596906090799e-12
1748403550.3852549,0.0,1.5707963268875804,9.42560785895774e-12
1748403550.405378,0.0,1.570796326887767,9.42559185108433e-12
1748403550.4252417,0.0,1.5707963268879535,9.425594506221484e-12
1748403550.4458942,0.0,1.57079632688814,9.425596086236735e-12
1748403550.4652762,0.0,1.57079632688814,9.425596086236735e-12
1748403550.4855266,0.0,1.5707963268883265,9.425593611901401e-12
1748403550.5053275,0.0,1.570796326888513,9.42559345222478e-12
1748403550.5254495,0.0,1.5707963268886995,9.42560181968227e-12
1748403550.5452933,0.0,1.570796326888886,9.425600445082539e-12
1748403550.565407,0.0,1.5707963268890726,9.425599850240288e-12
1748403550.5853813,0.0,1.570796326889259,9.425594101311843e-12
1748403550.6054213,0.0,1.5707963268894456,9.425592866513329e-12
1748403550.6254098,0.0,1.570796326889632,9.425610663930912e-12
1748403550.6456563,0.0,1.5707963268898186,9.425597930650607e-12
1748403550.6653733,0.0,1.5707963268900051,9.425595259405661e-12
1748403550.685373,0.0,1.5707963268901917,9.4255924404785e-12
1748403550.7054596,0.0,1.5707963268903782,9.425605863567371e-12
1748403550.7254035,0.0,1.5707963268905647,9.42559168595963e-12
1748403550.7455297,0.0,1.5707963268907512,9.42560022571304e-12
1748403550.7654452,0.0,1.5707963268909377,9.425595650361306e-12
1748403550.7851536,0.0,1.5707963268911243,9.425596081413548e-12
1748403550.8055162,0.0,1.5707963268913108,9.425604621166952e-12
1748403550.8254333,0.0,1.5707963268914973,9.425591247930392e-12
1748403550.8452365,0.0,1.5707963268916838,9.425602060996112e-12
1748403550.8654044,0.0,1.5707963268918703,9.425601589222367e-12
1748403550.8851602,0.0,1.5707963268920568,9.425586582629752e-12
1748403550.9054372,0.0,1.5707963268922434,9.425606234926713e-12
1748403550.925453,0.0,1.5707963268924299,9.425591934250467e-12
1748403550.9456983,0.0,1.5707963268926164,9.425597617843706e-12
1748403550.9654255,0.0,1.570796326892803,9.425588938913988e-12
1748403550.9854188,0.0,1.5707963268929894,9.425596428159203e-12
1748403551.0054588,0.0,1.570796326893176,9.425592731019752e-12
1748403551.0253708,0.0,1.5707963268933625,9.425607984374293e-12
1748403551.0452983,0.0,1.570796326893549,9.425603212112947e-12
1748403551.0654874,0.0,1.5707963268937355,9.425602009809129e-12
1748403551.0854547,0.0,1.570796326893922,9.425600339844975e-12
1748403551.1063132,0.0,1.5707963268941085,9.425598497584905e-12
1748403551.125509,0.0,1.5707963268941085,9.425598497584905e-12
1748403551.1454256,0.0,1.570796326894295,9.42559255174685e-12
1748403551.1654239,0.0,1.5707963268944816,9.425590151252623e-12
1748403551.1854396,0.0,1.570796326894668,9.425600816636137e-12
1748403551.205654,0.0,1.5707963268948546,9.42559894976237e-12
1748403551.2254956,0.0,1.5707963268950411,9.425612766670482e-12
1748403551.2455144,0.0,1.5707963268952276,9.425598342925726e-12
1748403551.2656326,0.0,1.5707963268954142,9.425603123692975e-12
1748403551.2854943,0.0,1.5707963268956007,9.42559251604277e-12
1748403551.3052619,0.0,1.5707963268957872,9.425605060919364e-12
1748403551.3254142,0.0,1.5707963268959737,9.425593378147257e-12
1748403551.3456216,0.0,1.5707963268961602,9.425606678167618e-12
1748403551.3652117,0.0,1.5707963268963467,9.425596874888593e-12
1748403551.3852751,0.0,1.5707963268965333,9.425606465150203e-12
1748403551.405542,0.0,1.5707963268967198,9.425591237034263e-12
1748403551.425427,0.0,1.5707963268969063,9.42559819265902e-12
1748403551.4453528,0.0,1.5707963268970928,9.42560416373569e-12
1748403551.4654965,0.0,1.5707963268972793,9.42559211175805e-12
1748403551.4851773,0.0,1.5707963268974658,9.425586387443314e-12
1748403551.5054247,0.0,1.5707963268976524,9.425594853355613e-12
1748403551.5251749,0.0,1.5707963268978389,9.42559750849277e-12
